[
    {
        "id": "1",
        "title": "The only guide to travel insurance you’ll ever need",
        "link": "/journal-single-post",
        "imgLink": "assets/img/placeholder/527x500.jpg",
        "imgAlt": "The only guide to travel insurance you’ll ever need",
        "categoryTitle": "Travel",
        "categoryLink": "/journal"
    },
    {
        "id": "2",
        "title": "The best boutique hotels in Europe’s",
        "link": "/journal-single-post",
        "imgLink": "assets/img/placeholder/527x500.jpg",
        "imgAlt": "The best boutique hotels in Europe’s",
        "categoryTitle": "Travel",
        "categoryLink": "/journal"
    },
    {
        "id": "3",
        "title": "What to do when holidays go wrong",
        "link": "/journal-single-post",
        "imgLink": "assets/img/placeholder/527x500.jpg",
        "imgAlt": "What to do when holidays go wrong",
        "categoryTitle": "Travel",
        "categoryLink": "/journal"
    }
]
