[
    {
        "id": "1",
        "title": "Designer at company",
        "date": "2015 May - 2020 April",
        "description": "Lorem ipsum dolor sit amet, consectetur adipiscing elit. Etiam nec bibendum mauris. Curabitur quis vehicula leo. Vivamus leo ipsum, convallis at magna sit amet, blandit condimentum neque. Quisque non feugiat diam, at vehicula leo."
    },
    {
        "id": "2",
        "title": "Illustrator at company",
        "date": "2015 May - 2020 April",
        "description": "Lorem ipsum dolor sit amet, consectetur adipiscing elit. Etiam nec bibendum mauris. Curabitur quis vehicula leo. Vivamus leo ipsum, convallis at magna sit amet, blandit condimentum neque. Quisque non feugiat diam, at vehicula leo."
    },
    {
        "id": "3",
        "title": "Phorographer at company",
        "date": "2015 May - 2020 April",
        "description": "Lorem ipsum dolor sit amet, consectetur adipiscing elit. Etiam nec bibendum mauris. Curabitur quis vehicula leo. Vivamus leo ipsum, convallis at magna sit amet, blandit condimentum neque. Quisque non feugiat diam, at vehicula leo."
    },
    {
        "id": "4",
        "title": "Analytic at company",
        "date": "2015 May - 2020 April",
        "description": "Lorem ipsum dolor sit amet, consectetur adipiscing elit. Etiam nec bibendum mauris. Curabitur quis vehicula leo. Vivamus leo ipsum, convallis at magna sit amet, blandit condimentum neque. Quisque non feugiat diam, at vehicula leo."
    },
    {
        "id": "5",
        "title": "Model at company",
        "date": "2015 May - 2020 April",
        "description": "Lorem ipsum dolor sit amet, consectetur adipiscing elit. Etiam nec bibendum mauris. Curabitur quis vehicula leo. Vivamus leo ipsum, convallis at magna sit amet, blandit condimentum neque. Quisque non feugiat diam, at vehicula leo."
    },
    {
        "id": "6",
        "title": "CEO at company",
        "date": "2015 May - 2020 April",
        "description": "Lorem ipsum dolor sit amet, consectetur adipiscing elit. Etiam nec bibendum mauris. Curabitur quis vehicula leo. Vivamus leo ipsum, convallis at magna sit amet, blandit condimentum neque. Quisque non feugiat diam, at vehicula leo."
    }
]
