[
    {
        "id": "1",
        "title": "Leaf photography",
        "category": "gallery-item-visible product",
        "link": "/works-inside",
        "imgLink": "assets/img/placeholder/637x637.jpg",
        "button": "Look inside"
    },
    {
        "id": "2",
        "title": "Glasses photography",
        "category": "gallery-item-visible culture personal portrait",
        "link": "/works-inside",
        "imgLink": "assets/img/placeholder/637x637.jpg",
        "button": "Look inside"
    },
    {
        "id": "3",
        "title": "Painting photography",
        "category": "gallery-item-visible product",
        "link": "/works-inside",
        "imgLink": "assets/img/placeholder/637x637.jpg",
        "button": "Look inside"
    },
    {
        "id": "4",
        "title": "Plant photography",
        "category": "gallery-item-visible culture",
        "link": "/works-inside",
        "imgLink": "assets/img/placeholder/637x637.jpg",
        "button": "Look inside"
    },
    {
        "id": "5",
        "title": "Phone photography",
        "category": "culture",
        "link": "/works-inside",
        "imgLink": "assets/img/placeholder/637x637.jpg",
        "button": "Look inside"
    },
    {
        "id": "6",
        "title": "Composition photography",
        "category": "product",
        "link": "/works-inside",
        "imgLink": "assets/img/placeholder/637x637.jpg",
        "button": "Look inside"
    },
    {
        "id": "7",
        "title": "Laptop photography",
        "category": "culture personal",
        "link": "/works-inside",
        "imgLink": "assets/img/placeholder/637x637.jpg",
        "button": "Look inside"
    },
    {
        "id": "8",
        "title": "Notebook photography",
        "category": "product",
        "link": "/works-inside",
        "imgLink": "assets/img/placeholder/637x637.jpg",
        "button": "Look inside"
    },
    {
        "id": "9",
        "title": "Book photography",
        "category": "art product",
        "link": "/works-inside",
        "imgLink": "assets/img/placeholder/637x637.jpg",
        "button": "Look inside"
    }
]
